How to prevent *?,condition_cause
How does * develop?,condition_cause
What causes *?,condition_cause
what is the cause of *?,condition_cause
How does * develop,condition_cause
What causes *,condition_cause
what is the cause of *,condition_cause
*?,condition_definition
What is *?,condition_definition
explain *,condition_definition
more detail on *,condition_definition
whats *?,condition_definition
what are *,condition_definition
what is *?,condition_definition
what are the symptoms of *?,condition_symptom
What are the symptoms of a *,condition_symptom
what are the signs of *?,condition_symptom
signs that I have *?,condition_symptom
How do I know if I have *?,condition_symptom
symptoms for *,condition_symptom
are * a sign that I have *?,condition_symptom
what are the complications of *?,condition_complications
complications of *,condition_complications
what complications arise from *?,condition_complications
* complications,condition_complications
what issues come from *?,condition_complications
How is * diagnosed?,condition_diagnosis
* diagnosis,condition_diagnosis
How would I know if I have *?,condition_diagnosis
Tests for *?,condition_diagnosis
Diagnose *,condition_diagnosis
What are treatment options for *?,condition_treatment
* treatment,condition_treatment
is there a cure for *?,condition_treatment
cure *,condition_treatment
how to treat *,condition_treatment
treatment for *,condition_treatment
effective ways to heal *,condition_treatment
How can I avoid *?,condition_prevention
How to prevent *,condition_prevention
What are ways to prevent *?,condition_prevention
* prevention,condition_prevention
what are ways not to get *?,condition_prevention